설명,date
새해,2018-01-01
설날,2018-02-15
설날,2018-02-16
설날,2018-02-17
삼일절,2018-03-01
어린이날,2018-05-05
대체휴일,2018-05-07
부처님오신날,2018-05-22
현충일,2018-06-06
지방선거,2018-06-13
광복절,2018-08-15
추석,2018-09-23
추석,2018-09-24
추석,2018-09-25
대체휴일,2018-09-26
개천절,2018-10-03
한글날,2018-10-09
크리스마스,2018-12-25
새해,2019-01-01
설날,2019-02-04
설날,2019-02-05
설날,2019-02-06
삼일절,2019-03-01
어린이날,2019-05-05
대체휴일,2019-05-06
부처님오신날,2019-05-12
현충일,2019-06-06
광복절,2019-08-15
추석,2019-09-12
추석,2019-09-13
추석,2019-09-14
개천절,2019-10-03
한글날,2019-10-09
크리스마스,2019-12-25
새해,2020-01-01
설날,2020-01-24
설날,2020-01-25
설날,2020-01-26
설날대체휴일,2020-01-27
삼일절,2020-03-01
어린이날,2020-05-05
국회의원선거,2020-04-15
부처님오신날,2020-04-30
현충일,2020-06-06
광복절,2020-08-15
추석,2020-09-30
추석,2020-10-01
추석,2020-10-02
개천절,2020-10-03
한글날,2020-10-09
크리스마스,2020-12-25
새해,2021-01-01
설날,2021-02-11
설날,2021-02-12
설날,2021-02-13
삼일절,2021-03-01
어린이날,2021-05-05
부처님오신날,2021-05-19
현충일,2021-06-06
광복절,2021-08-15
추석,2021-10-20
추석,2021-10-21
추석,2021-10-22
개천절,2021-10-03
한글날,2021-10-09
크리스마스,2021-12-25
